IdVuelo,iteracion,temperatura,mejorFitness,candidatoFitness,fitnessActual,Probabilidad
5,0,989.879,277.724,277.724,277.724,1
5,1,989.879,277.724,305.005,305.005,0.972816
5,2,989.879,81.7153,81.7153,81.7153,1
5,3,989.879,81.7153,91.1822,91.1822,0.990482
5,4,989.879,81.7153,88.7988,88.7988,1
5,5,989.879,81.7153,120.316,120.316,0.968663
5,6,989.879,81.7153,614.593,120.316,0.606936
5,7,989.879,81.7153,342.333,120.316,0.799085
5,8,989.879,81.7153,528.981,528.981,0.661765
5,9,989.879,81.7153,196.972,196.972,1
5,10,989.879,81.7153,593.456,196.972,0.66996
5,11,989.879,81.7153,107.261,107.261,1
5,12,989.879,81.7153,340.733,340.733,0.789892
5,13,989.879,76.104,76.104,76.104,1
5,14,989.879,76.104,160.135,160.135,0.918613
5,15,989.879,76.104,160.167,160.167,0.999967
5,16,989.879,76.104,120.783,120.783,1
5,17,989.879,76.104,195.567,195.567,0.927235
5,18,989.879,76.104,598.785,598.785,0.665417
5,19,989.879,76.104,218.522,218.522,1
5,20,989.879,76.104,630.538,218.522,0.65953
5,21,989.879,76.104,316.713,316.713,0.905566
5,22,989.879,67.8145,67.8145,67.8145,1
5,23,989.879,67.8145,323.574,67.8145,0.772306
5,24,989.879,67.8145,451.727,451.727,0.678522
5,25,989.879,67.8145,432.325,432.325,1
5,26,989.879,67.8145,626.102,626.102,0.822211
5,27,989.879,67.8145,528.249,528.249,1
5,28,989.879,67.8145,188.018,188.018,1
5,29,989.879,67.8145,190.405,190.405,0.997591
5,30,989.879,67.8145,195.142,195.142,0.995226
5,31,989.879,67.8145,363.442,363.442,0.843648
5,32,989.879,67.8145,220.589,220.589,1
5,33,989.879,67.8145,549.849,549.849,0.717038
5,34,989.879,67.8145,520.979,520.979,1
5,35,989.879,67.8145,655.148,520.979,0.873244
5,36,989.879,67.8145,255.239,255.239,1
5,37,989.879,57.3216,57.3216,57.3216,1
5,38,989.879,57.3216,143.997,143.997,0.916162
5,39,989.879,57.3216,434.336,434.336,0.745793
5,40,989.879,57.3216,127.532,127.532,1
5,41,940.385,57.3216,461.843,461.843,0.70082
5,42,940.385,57.3216,356.585,356.585,1
5,43,940.385,57.3216,392.766,392.766,0.962256
5,44,940.385,57.3216,131.586,131.586,1
5,45,940.385,57.3216,109.262,109.262,1
5,46,940.385,57.3216,174.329,174.329,0.933147
5,47,940.385,57.3216,312.268,312.268,0.863567
5,48,940.385,57.3216,259.618,259.618,1
5,49,940.385,57.3216,332.093,332.093,0.925825
5,50,940.385,57.3216,146.318,146.318,1
5,51,940.385,57.3216,486.272,146.318,0.696627
5,52,940.385,57.3216,290.111,290.111,0.858208
5,53,940.385,57.3216,223.056,223.056,1
5,54,940.385,57.3216,67.8106,67.8106,1
5,55,940.385,57.3216,62.2478,62.2478,1
5,56,940.385,57.3216,118.767,118.767,0.941668
5,57,940.385,57.3216,435.86,435.86,0.713769
5,58,940.385,57.3216,258.373,258.373,1
5,59,940.385,57.3216,311.249,311.249,0.945324
5,60,940.385,57.3216,427.574,427.574,0.883645
5,61,940.385,57.3216,261.403,261.403,1
5,62,940.385,57.3216,437.886,437.886,0.828887
5,63,940.385,57.3216,503.022,503.022,0.933079
5,64,940.385,57.3216,290.848,290.848,1
5,65,940.385,57.3216,330.46,330.46,0.958752
5,66,940.385,57.3216,212.302,212.302,1
5,67,940.385,57.3216,236.548,236.548,0.974546
5,68,940.385,57.3216,313.723,313.723,0.92121
5,69,940.385,57.3216,330.873,330.873,0.981928
5,70,940.385,57.3216,73.4443,73.4443,1
5,71,940.385,57.3216,311.252,311.252,0.776558
5,72,940.385,57.3216,91.8831,91.8831,1
5,73,940.385,57.3216,125.078,125.078,0.965317
5,74,940.385,57.3216,509.812,125.078,0.664231
5,75,940.385,57.3216,470.03,470.03,0.692934
5,76,940.385,57.3216,613.687,470.03,0.858332
5,77,940.385,57.3216,137.399,137.399,1
5,78,940.385,57.3216,65.3818,65.3818,1
5,79,940.385,57.3216,331.682,331.682,0.753382
5,80,940.385,57.3216,398.463,398.463,0.931448
5,81,893.365,57.3216,280.773,280.773,1
5,82,893.365,57.3216,67.4673,67.4673,1
5,83,893.365,57.3216,364.9,364.9,0.716817
5,84,893.365,57.3216,411.114,411.114,0.949585
5,85,893.365,57.3216,247.811,247.811,1
5,86,893.365,57.3216,78.9521,78.9521,1
5,87,893.365,57.3216,152.083,152.083,0.921401
5,88,893.365,57.3216,90.7587,90.7587,1
5,89,893.365,57.3216,216.211,216.211,0.868987
5,90,893.365,57.3216,583.528,583.528,0.66288
5,91,893.365,57.3216,399.664,399.664,1
5,92,893.365,57.3216,103.986,103.986,1
5,93,893.365,57.3216,67.2656,67.2656,1
5,94,893.365,57.3216,190.922,190.922,0.870736
5,95,893.365,57.3216,314.074,314.074,0.871227
5,96,893.365,57.3216,455.226,455.226,0.85385
5,97,893.365,57.3216,212.254,212.254,1
5,98,893.365,57.3216,71.4628,71.4628,1
5,99,893.365,57.3216,235.014,235.014,0.832707
5,100,893.365,57.3216,73.9911,73.9911,1
5,101,893.365,55.7248,55.7248,55.7248,1
5,102,893.365,55.7248,291.105,291.105,0.768377
5,103,893.365,55.7248,634.527,634.527,0.680849
5,104,893.365,55.7248,618.557,618.557,1
5,105,893.365,55.7248,244.868,244.868,1
5,106,893.365,55.7248,77.907,77.907,1
5,107,893.365,55.7248,249.704,249.704,0.825057
5,108,893.365,55.7248,302.156,302.156,0.942977
5,109,893.365,55.7248,447.684,447.684,0.849678
5,110,893.365,55.7248,622.862,622.862,0.82194
5,111,893.365,55.7248,461.405,461.405,1
5,112,893.365,55.7248,120.573,120.573,1
5,113,893.365,55.7248,94.5658,94.5658,1
5,114,893.365,55.7248,253.179,253.179,0.837323
5,115,893.365,55.7248,127.184,127.184,1
5,116,893.365,55.7248,109.76,109.76,1
5,117,893.365,55.7248,141.7,141.7,0.964879
5,118,893.365,55.7248,179.266,179.266,0.958822
5,119,893.365,55.7248,103.017,103.017,1
5,120,893.365,55.7248,86.9828,86.9828,1
5,121,848.697,55.7248,186.273,186.273,0.889593
5,122,848.697,55.7248,311.491,311.491,0.862827
5,123,848.697,55.7248,326.626,326.626,0.982325
5,124,848.697,55.7248,461.686,461.686,0.852878
5,125,848.697,55.7248,382.865,382.865,1
5,126,848.697,55.7248,443.782,443.782,0.930739
5,127,848.697,55.7248,462.686,462.686,0.977972
5,128,848.697,55.7248,182.459,182.459,1
5,129,848.697,55.7248,105.103,105.103,1
5,130,848.697,55.7248,83.5184,83.5184,1
5,131,848.697,55.7248,408.721,408.721,0.681691
5,132,848.697,55.7248,214.962,214.962,1
5,133,848.697,55.7248,271.5,271.5,0.935554
5,134,848.697,55.7248,382.449,382.449,0.877456
5,135,848.697,55.7248,91.2167,91.2167,1
5,136,848.697,55.7248,72.9467,72.9467,1
5,137,848.697,55.7248,175.561,175.561,0.886115
5,138,848.697,55.7248,587.668,587.668,0.615343
5,139,848.697,55.7248,290.022,290.022,1
5,140,848.697,55.7248,429.075,429.075,0.848875
5,141,848.697,55.7248,405.549,405.549,1
5,142,848.697,55.7248,516.041,516.041,0.877929
5,143,848.697,55.7248,192.962,192.962,1
5,144,848.697,55.7248,96.6032,96.6032,1
5,145,848.697,55.7248,85.1545,85.1545,1
5,146,848.697,55.7248,236.704,85.1545,0.836468
5,147,848.697,55.7248,169.531,169.531,0.905364
5,148,848.697,55.7248,306.618,306.618,0.850844
5,149,848.697,55.7248,387.837,387.837,0.908738
5,150,848.697,55.7248,100.623,100.623,1
5,151,848.697,55.7248,181.072,181.072,0.909563
5,152,848.697,55.7248,305.489,305.489,0.863642
5,153,848.697,55.7248,613.297,613.297,0.695807
5,154,848.697,55.7248,373.065,373.065,1
5,155,848.697,55.7248,124.84,124.84,1
5,156,848.697,55.7248,141.762,141.762,0.980258
5,157,848.697,55.7248,174.473,174.473,0.962191
5,158,848.697,55.7248,107.211,107.211,1
5,159,848.697,55.7248,256.629,256.629,0.838571
5,160,848.697,55.7248,95.4536,95.4536,1
5,161,806.262,55.7248,275.147,95.4536,0.800217
5,162,806.262,55.7248,62.7518,62.7518,1
5,163,806.262,55.7248,83.6221,83.6221,0.974447
5,164,806.262,55.7248,225.065,83.6221,0.839095
5,165,806.262,55.7248,180.605,180.605,0.886666
5,166,806.262,55.7248,255.136,255.136,0.911703
5,167,806.262,55.7248,641.921,255.136,0.618953
5,168,806.262,55.7248,126.024,126.024,1
5,169,806.262,55.7248,437.548,437.548,0.679512
5,170,806.262,55.7248,394.987,394.987,1
5,171,806.262,55.7248,499.395,499.395,0.878539
5,172,806.262,55.7248,610.183,610.183,0.871612
5,173,806.262,55.7248,584.526,584.526,1
5,174,806.262,55.7248,159.791,159.791,1
5,175,806.262,55.7248,420.872,420.872,0.723383
5,176,806.262,55.7248,377.061,377.061,1
5,177,806.262,55.7248,81.1449,81.1449,1
5,178,806.262,55.7248,125.115,125.115,0.946925
5,179,806.262,55.7248,70.0673,70.0673,1
5,180,806.262,55.7248,141.193,70.0673,0.915563
5,181,806.262,55.7248,285.916,285.916,0.765126
5,182,806.262,55.7248,103.53,103.53,1
5,183,806.262,55.7248,336.619,336.619,0.748938
5,184,806.262,55.7248,121.712,121.712,1
5,185,806.262,55.7248,415.438,415.438,0.694679
5,186,806.262,55.7248,584.452,584.452,0.810887
5,187,806.262,55.7248,512.365,512.365,1
5,188,806.262,55.7248,613.984,613.984,0.881582
5,189,806.262,55.7248,308.975,308.975,1
5,190,806.262,55.7248,277.243,277.243,1
5,191,806.262,55.7248,242.407,242.407,1
5,192,806.262,55.7248,175.015,175.015,1
5,193,806.262,55.7248,63.6629,63.6629,1
5,194,806.262,55.7248,202.399,202.399,0.841917
5,195,806.262,55.7248,81.1813,81.1813,1
5,196,806.262,55.7248,70.5069,70.5069,1
5,197,806.262,55.7248,87.7077,87.7077,0.978892
5,198,806.262,55.7248,289.62,289.62,0.778466
5,199,806.262,55.7248,161.847,161.847,1
5,200,806.262,55.7248,57.617,57.617,1
5,201,765.949,55.7248,119.434,119.434,0.922465
5,202,765.949,55.7248,90.0511,90.0511,1
5,203,765.949,55.7248,75.2393,75.2393,1
5,204,765.949,55.7248,146.781,146.781,0.910827
5,205,765.949,55.7248,264.531,264.531,0.857503
5,206,765.949,55.7248,223.77,223.77,1
5,207,765.949,55.7248,229.896,229.896,0.992034
5,208,765.949,55.7248,174.862,174.862,1
5,209,765.949,55.7248,159.795,159.795,1
5,210,765.949,55.7248,339.273,339.273,0.791108
5,211,765.949,55.7248,262.092,262.092,1
5,212,765.949,55.7248,263.915,263.915,0.997623
5,213,765.949,55.7248,69.5607,69.5607,1
5,214,765.949,55.7248,296.01,296.01,0.744051
5,215,765.949,55.7248,129.579,129.579,1
5,216,765.949,55.7248,287.687,287.687,0.81349
5,217,765.949,55.7248,92.1658,92.1658,1
5,218,765.949,55.7248,77.7399,77.7399,1
5,219,765.949,55.7248,288.149,288.149,0.759797
5,220,765.949,55.7248,91.6286,91.6286,1
5,221,765.949,55.7248,169.493,169.493,0.903339
5,222,765.949,55.7248,78.174,78.174,1
5,223,765.949,55.7248,57.6095,57.6095,1
5,224,765.949,55.7248,173.578,173.578,0.8595
5,225,765.949,55.7248,321.815,321.815,0.824042
5,226,765.949,55.7248,287.589,287.589,1
5,227,765.949,55.7248,185.971,185.971,1
5,228,765.949,55.7248,506.565,506.565,0.657994
5,229,765.949,55.7248,257.713,257.713,1
5,230,765.949,55.7248,598.641,598.641,0.640757
5,231,765.949,55.7248,262.159,262.159,1
5,232,765.949,55.7248,75.2834,75.2834,1
5,233,765.949,55.7248,74.6251,74.6251,1
5,234,765.949,55.7248,172.958,172.958,0.879519
5,235,765.949,55.7248,98.0612,98.0612,1
5,236,765.949,55.7248,199.606,98.0612,0.875838
5,237,765.949,55.7248,70.833,70.833,1
5,238,765.949,55.7248,203.458,203.458,0.84101
5,239,765.949,55.7248,334.777,334.777,0.842446
5,240,765.949,55.7248,485.241,485.241,0.821649
5,241,727.652,55.7248,281.423,281.423,1
5,242,727.652,55.7248,284.112,284.112,0.996311
5,243,727.652,55.7248,119.364,119.364,1
5,244,727.652,55.7248,80.0856,80.0856,1
5,245,727.652,55.7248,167.818,167.818,0.886416
5,246,727.652,55.7248,56.8368,56.8368,1
5,247,727.652,55.7248,218.67,56.8368,0.800591
5,248,727.652,55.7248,60.3414,60.3414,0.995195
5,249,727.652,55.7248,253.564,253.564,0.766789
5,250,727.652,55.7248,153.516,153.516,1
5,251,727.652,55.7248,315.222,315.222,0.800732
5,252,727.652,55.7248,254.197,254.197,1
5,253,727.652,55.7248,230.407,230.407,1
5,254,727.652,55.7248,96.8974,96.8974,1
5,255,727.652,55.7248,317.753,317.753,0.738216
5,256,727.652,55.7248,199.651,199.651,1
5,257,727.652,55.7248,564.471,199.651,0.605703
5,258,727.652,55.7248,251.811,251.811,0.930827
5,259,727.652,55.7248,638.384,251.811,0.587863
5,260,727.652,55.7248,286.768,286.768,0.953095
5,261,727.652,55.7248,153.896,153.896,1
5,262,727.652,55.7248,132.611,132.611,1
5,263,727.652,55.7248,436.325,436.325,0.658764
5,264,727.652,55.7248,520.879,520.879,0.890296
5,265,727.652,55.7248,153.104,153.104,1
5,266,727.652,55.7248,185.085,153.104,0.957
5,267,727.652,55.7248,109.121,109.121,1
5,268,727.652,55.7248,131.541,131.541,0.969658
5,269,727.652,55.7248,271.397,271.397,0.825141
5,270,727.652,55.7248,600.252,271.397,0.636392
5,271,727.652,55.7248,254.797,254.797,1
5,272,727.652,55.7248,619.211,619.211,0.60604
5,273,727.652,55.7248,450.238,450.238,1
5,274,727.652,55.7248,304.662,304.662,1
5,275,727.652,55.7248,152.7,152.7,1
5,276,727.652,55.7248,162.702,162.702,0.986349
5,277,727.652,55.7248,90.4551,90.4551,1
5,278,727.652,55.7248,245.886,245.886,0.807667
5,279,727.652,55.7248,443.674,443.674,0.761994
5,280,727.652,55.7248,387.513,387.513,1
5,281,691.269,55.7248,335.918,335.918,1
5,282,691.269,55.7248,335.247,335.247,1
5,283,691.269,55.7248,225.604,225.604,1
5,284,691.269,55.7248,416.479,416.479,0.758721
5,285,691.269,55.7248,473.041,473.041,0.921435
5,286,691.269,55.7248,335.176,335.176,1
5,287,691.269,55.7248,483.346,483.346,0.80707
5,288,691.269,55.7248,469.81,469.81,1
5,289,691.269,55.7248,229.584,229.584,1
5,290,691.269,55.7248,189.538,189.538,1
5,291,691.269,55.7248,132.665,132.665,1
5,292,691.269,55.7248,320.069,132.665,0.762539
5,293,691.269,55.7248,362.771,362.771,0.716861
5,294,691.269,55.7248,131.311,131.311,1
5,295,691.269,55.7248,97.4964,97.4964,1
5,296,691.269,55.7248,315.34,97.4964,0.72969
5,297,691.269,55.7248,90.79,90.79,1
5,298,691.269,55.7248,301.165,301.165,0.737616
5,299,691.269,55.7248,490.733,490.733,0.760156
5,300,691.269,55.7248,472.275,472.275,1
5,301,691.269,55.7248,347.861,347.861,1
5,302,691.269,55.7248,271.252,271.252,1
5,303,691.269,55.7248,208.574,208.574,1
5,304,691.269,55.7248,78.4989,78.4989,1
5,305,691.269,55.7248,208.514,208.514,0.828547
5,306,691.269,55.7248,106.505,106.505,1
5,307,691.269,55.7248,111.435,111.435,0.992894
5,308,691.269,55.7248,108.33,108.33,1
5,309,691.269,55.7248,348.664,348.664,0.706331
5,310,691.269,55.7248,452.963,452.963,0.859951
5,311,691.269,55.7248,294.603,294.603,1
5,312,691.269,55.7248,282.362,282.362,1
5,313,691.269,55.7248,192.824,192.824,1
5,314,691.269,55.7248,222.818,222.818,0.957539
5,315,691.269,55.7248,233.409,233.409,0.984795
5,316,691.269,55.7248,83.5974,83.5974,1
5,317,691.269,55.7248,259.815,259.815,0.774979
5,318,691.269,55.7248,381.877,259.815,0.838135
5,319,691.269,55.7248,331.234,331.234,0.901843
5,320,691.269,55.7248,208.43,208.43,1
5,321,656.706,55.7248,227.457,227.457,0.971443
5,322,656.706,55.7248,59.1067,59.1067,1
5,323,656.706,55.7248,191.988,191.988,0.816813
5,324,656.706,55.7248,178.246,178.246,1
5,325,656.706,55.7248,118.34,118.34,1
5,326,656.706,55.7248,388.514,388.514,0.662717
5,327,656.706,55.7248,654.115,654.115,0.667347
5,328,656.706,55.7248,272.814,272.814,1
5,329,656.706,55.7248,283.88,283.88,0.983291
5,330,656.706,55.7248,83.4087,83.4087,1
5,331,656.706,55.7248,256.511,256.511,0.768287
5,332,656.706,55.7248,612.467,612.467,0.581565
5,333,656.706,55.7248,321.822,321.822,1
5,334,656.706,55.7248,171.13,171.13,1
5,335,656.706,55.7248,382.628,382.628,0.724655
5,336,656.706,55.7248,611.056,611.056,0.706213
5,337,656.706,55.7248,384.372,384.372,1
5,338,656.706,55.7248,316.289,316.289,1
5,339,656.706,55.7248,126.339,126.339,1
5,340,656.706,55.7248,159.931,159.931,0.950134
5,341,656.706,55.7248,182.296,182.296,0.966517
5,342,656.706,55.7248,217.558,217.558,0.947721
5,343,656.706,55.7248,68.0737,68.0737,1
5,344,656.706,55.7248,64.8656,64.8656,1
5,345,656.706,55.7248,288.242,64.8656,0.711666
5,346,656.706,55.7248,207.904,207.904,0.804277
5,347,656.706,55.7248,204.724,204.724,1
5,348,656.706,55.7248,386.355,386.355,0.758374
5,349,656.706,55.7248,601.69,601.69,0.720434
5,350,656.706,55.7248,551.363,551.363,1
5,351,656.706,55.7248,653.881,653.881,0.855465
5,352,656.706,55.7248,356.902,356.902,1
5,353,656.706,55.7248,283.374,283.374,1
5,354,656.706,55.7248,75.2833,75.2833,1
5,355,656.706,55.7248,256.522,75.2833,0.758827
5,356,656.706,55.7248,105.791,105.791,0.954607
5,357,656.706,55.7248,254.777,105.791,0.797025
5,358,656.706,55.7248,174.629,174.629,0.900483
5,359,656.706,55.7248,451.573,451.573,0.65592
5,360,656.706,55.7248,250.005,250.005,1
5,361,623.87,55.7248,67.5401,67.5401,1
5,362,623.87,55.7248,112.896,112.896,0.929879
5,363,623.87,55.7248,189.866,189.866,0.883933
5,364,623.87,55.7248,496.943,189.866,0.611272
5,365,623.87,55.7248,143.76,143.76,1
5,366,623.87,55.7248,244.861,143.76,0.850396
5,367,623.87,55.7248,265.334,265.334,0.822942
5,368,623.87,55.7248,597.821,597.821,0.586876
5,369,623.87,55.7248,427.796,427.796,1
5,370,623.87,55.7248,276.805,276.805,1
5,371,623.87,55.7248,446.963,446.963,0.761286
5,372,623.87,55.7248,232.492,232.492,1
5,373,623.87,55.7248,260.293,260.293,0.956416
5,374,623.87,55.7248,430.501,430.501,0.761225
5,375,623.87,55.7248,226.505,226.505,1
5,376,623.87,55.7248,222.725,222.725,1
5,377,623.87,55.7248,222.738,222.738,0.999978
5,378,623.87,55.7248,433.478,222.738,0.713342
5,379,623.87,55.7248,224.479,224.479,0.997214
5,380,623.87,55.7248,260.94,260.94,0.943232
5,381,623.87,55.7248,490.45,490.45,0.692199
5,382,623.87,55.7248,257.371,257.371,1
5,383,623.87,55.7248,73.713,73.713,1
5,384,623.87,55.7248,114.659,114.659,0.936475
5,385,623.87,55.7248,254.676,254.676,0.79897
5,386,623.87,55.7248,184.043,184.043,1
5,387,623.87,55.7248,191.669,191.669,0.987851
5,388,623.87,55.7248,334.201,191.669,0.795755
5,389,623.87,55.7248,395.211,395.211,0.72162
5,390,623.87,55.7248,421.344,421.344,0.958977
5,391,623.87,55.7248,342.254,342.254,1
5,392,623.87,55.7248,130.811,130.811,1
5,393,623.87,55.7248,256.844,130.811,0.817079
5,394,623.87,55.7248,64.2537,64.2537,1
5,395,623.87,55.7248,88.2253,88.2253,0.962305
5,396,623.87,55.7248,247.368,247.368,0.774848
5,397,623.87,55.7248,519.829,247.368,0.646148
5,398,623.87,55.7248,300.508,300.508,0.918348
5,399,623.87,55.7248,487.628,300.508,0.740867
5,400,623.87,55.7248,516.39,300.508,0.707487
5,401,592.677,55.7248,423.786,423.786,0.812205
5,402,592.677,55.7248,402.439,402.439,1
5,403,592.677,55.7248,132.609,132.609,1
5,404,592.677,55.7248,96.3659,96.3659,1
5,405,592.677,55.7248,225.087,225.087,0.804781
5,406,592.677,55.7248,110.547,110.547,1
5,407,592.677,55.7248,63.1028,63.1028,1
5,408,592.677,55.7248,214.203,214.203,0.774958
5,409,592.677,55.7248,549.003,549.003,0.56842
5,410,592.677,55.7248,498.515,498.515,1
5,411,592.677,55.7248,251.499,251.499,1
5,412,592.677,55.7248,241.064,241.064,1
5,413,592.677,55.7248,256.362,256.362,0.974518
5,414,592.677,55.7248,595.935,256.362,0.563861
5,415,592.677,55.7248,200.981,200.981,1
5,416,592.677,55.7248,493.5,200.981,0.610452
5,417,592.677,55.7248,112.593,112.593,1
5,418,592.677,55.7248,289.334,112.593,0.742148
5,419,592.677,55.7248,139.179,139.179,0.956133
5,420,592.677,55.7248,275.537,139.179,0.794477
5,421,592.677,55.7248,112.282,112.282,1
5,422,592.677,55.7248,56.4208,56.4208,1
5,423,592.677,55.7248,122.942,122.942,0.893831
5,424,592.677,55.7248,349.207,349.207,0.682653
5,425,592.677,55.7248,315.203,315.203,1
5,426,592.677,55.7248,256.706,256.706,1
5,427,592.677,55.7248,178.923,178.923,1
5,428,592.677,55.7248,111.458,111.458,1
5,429,592.677,55.7248,257.698,111.458,0.781339
5,430,592.677,55.7248,90.5629,90.5629,1
5,431,592.677,55.7248,58.8228,58.8228,1
5,432,592.677,55.7248,233.653,233.653,0.744543
5,433,592.677,55.7248,575.747,575.747,0.561467
5,434,592.677,55.7248,282.095,282.095,1
5,435,592.677,55.7248,241.975,241.975,1
5,436,592.677,55.7248,131.464,131.464,1
5,437,592.677,55.7248,239.108,239.108,0.833915
5,438,592.677,55.7248,495.029,495.029,0.649335
5,439,592.677,55.7248,296.17,296.17,1
5,440,592.677,55.7248,116.5,116.5,1
5,441,563.043,55.7248,239.108,116.5,0.804319
5,442,563.043,55.7248,208.802,208.802,0.848798
5,443,563.043,55.7248,421.434,208.802,0.685472
5,444,563.043,55.7248,173.748,173.748,1
5,445,563.043,55.7248,76.8547,76.8547,1
5,446,563.043,55.7248,117.677,117.677,0.930064
5,447,563.043,55.7248,85.1658,85.1658,1
5,448,563.043,55.7248,61.6991,61.6991,1
5,449,563.043,55.7248,248.136,248.136,0.718116
5,450,563.043,55.7248,147.704,147.704,1
5,451,563.043,55.7248,189.221,189.221,0.928915
5,452,563.043,55.7248,241.064,241.064,0.912036
5,453,563.043,55.7248,136.877,136.877,1
5,454,563.043,55.7248,63.3907,63.3907,1
5,455,563.043,55.7248,158.771,63.3907,0.84417
5,456,563.043,55.7248,62.4662,62.4662,1
5,457,563.043,55.7248,115.148,115.148,0.910678
5,458,563.043,55.7248,131.192,131.192,0.971907
5,459,563.043,55.7248,77.1986,77.1986,1
5,460,563.043,55.7248,95.4281,95.4281,0.968142
5,461,563.043,55.7248,195.112,195.112,0.837742
5,462,563.043,55.7248,74.2927,74.2927,1
5,463,563.043,55.7248,113.404,113.404,0.932894
5,464,563.043,55.7248,292.44,292.44,0.727617
5,465,563.043,55.7248,259.992,259.992,1
5,466,563.043,55.7248,270.956,270.956,0.980716
5,467,563.043,55.7248,529.583,529.583,0.631702
5,468,563.043,55.7248,556.841,556.841,0.952741
5,469,563.043,55.7248,624.841,624.841,0.886236
5,470,563.043,55.7248,553.288,553.288,1
5,471,563.043,55.7248,361.97,361.97,1
5,472,563.043,55.7248,321.417,321.417,1
5,473,563.043,55.7248,566.738,566.738,0.646808
5,474,563.043,55.7248,607.946,607.946,0.929425
5,475,563.043,55.7248,638.832,638.832,0.946622
5,476,563.043,55.7248,660.625,660.625,0.962035
5,477,563.043,55.7248,447.064,447.064,1
5,478,563.043,55.7248,183.126,183.126,1
5,479,563.043,55.7248,177.103,177.103,1
5,480,563.043,55.7248,461.753,177.103,0.603169
5,481,534.891,55.7248,248.789,177.103,0.874573
5,482,534.891,55.7248,93.4417,93.4417,1
5,483,534.891,55.7248,230.548,230.548,0.773889
5,484,534.891,55.7248,458.874,458.874,0.652552
5,485,534.891,55.7248,250.549,250.549,1
5,486,534.891,55.7248,271.219,271.219,0.962095
5,487,534.891,55.7248,537.908,537.908,0.607388
5,488,534.891,55.7248,587.186,587.186,0.911989
5,489,534.891,55.7248,325.223,325.223,1
5,490,534.891,55.7248,183.943,183.943,1
5,491,534.891,55.7248,296.542,296.542,0.810172
5,492,534.891,55.7248,193.818,193.818,1
5,493,534.891,55.7248,374.616,374.616,0.713189
5,494,534.891,55.7248,170.96,170.96,1
5,495,534.891,55.7248,158.233,158.233,1
5,496,534.891,55.7248,327.507,327.507,0.728721
5,497,534.891,55.7248,513.151,513.151,0.706757
5,498,534.891,55.7248,271.369,271.369,1
5,499,534.891,55.7248,220.046,220.046,1
5,500,534.891,55.7248,241.488,241.488,0.960707
5,501,534.891,55.7248,267.503,267.503,0.952528
5,502,534.891,55.7248,502.903,267.503,0.643978
5,503,534.891,55.7248,551.622,267.503,0.587915
5,504,534.891,55.7248,520.734,520.734,0.622865
5,505,534.891,55.7248,560.933,560.933,0.927601
5,506,534.891,55.7248,528.484,528.484,1
5,507,534.891,55.7248,573.384,573.384,0.919484
5,508,534.891,55.7248,597.629,597.629,0.955685
5,509,534.891,55.7248,506.882,506.882,1
5,510,534.891,55.7248,328.474,328.474,1
5,511,534.891,55.7248,131.09,131.09,1
5,512,534.891,55.7248,228.945,228.945,0.832815
5,513,534.891,55.7248,79.1099,79.1099,1
5,514,534.891,55.7248,120.522,120.522,0.925499
5,515,534.891,55.7248,61.3769,61.3769,1
5,516,534.891,55.7248,73.9008,73.9008,0.976858
5,517,534.891,55.7248,149.048,149.048,0.868932
5,518,534.891,55.7248,244.912,244.912,0.835919
5,519,534.891,55.7248,279.234,279.234,0.937849
5,520,534.891,55.7248,394,394,0.806897
5,521,508.146,55.7248,414.532,414.532,0.9604
5,522,508.146,55.7248,393.872,393.872,1
5,523,508.146,55.7248,232.979,232.979,1
5,524,508.146,55.455,55.455,55.455,1
5,525,508.146,55.455,178.639,178.639,0.784728
5,526,508.146,55.455,109.214,109.214,1
5,527,508.146,55.455,212.373,212.373,0.81627
5,528,508.146,55.455,371.821,371.821,0.730676
5,529,508.146,55.455,198.745,198.745,1
5,530,508.146,55.455,225.315,225.315,0.949054
5,531,508.146,55.455,181.884,181.884,1
5,532,508.146,55.455,127.96,127.96,1
5,533,508.146,55.455,115.602,115.602,1
5,534,508.146,55.455,111.875,111.875,1
5,535,508.146,55.455,195.703,195.703,0.84792
5,536,508.146,55.455,224.303,224.303,0.945272
5,537,508.146,55.455,322.102,322.102,0.824926
5,538,508.146,55.455,282.279,282.279,1
5,539,508.146,55.455,258.116,258.116,1
5,540,508.146,55.455,434.615,434.615,0.706567
5,541,508.146,55.455,269.951,269.951,1
5,542,508.146,55.455,112.327,112.327,1
5,543,508.146,55.455,153.658,153.658,0.921882
5,544,508.146,55.455,73.8856,73.8856,1
5,545,508.146,55.455,176.805,73.8856,0.816655
5,546,508.146,55.455,88.3197,88.3197,0.971994
5,547,508.146,55.455,84.568,84.568,1
5,548,508.146,55.455,169.685,84.568,0.845772
5,549,508.146,55.455,63.2775,63.2775,1
5,550,508.146,55.455,116.083,116.083,0.901299
5,551,508.146,55.455,175.416,175.416,0.889796
5,552,508.146,55.455,242.225,242.225,0.8768
5,553,508.146,55.455,123.909,123.909,1
5,554,508.146,55.455,230.268,123.909,0.811146
5,555,508.146,55.455,154.969,154.969,0.940707
5,556,508.146,55.455,66.3927,66.3927,1
5,557,508.146,55.455,91.9387,91.9387,0.95097
5,558,508.146,55.455,72.5129,72.5129,1
5,559,508.146,55.455,127.726,127.726,0.897039
5,560,508.146,55.455,270.519,270.519,0.755022
5,561,482.739,55.455,407.475,407.475,0.752989
5,562,482.739,55.455,611.772,611.772,0.654944
5,563,482.739,55.455,431.214,431.214,1
5,564,482.739,55.455,476.816,476.816,0.909859
5,565,482.739,55.455,594.865,594.865,0.783064
5,566,482.739,55.455,325.821,325.821,1
5,567,482.739,55.455,216.312,216.312,1
5,568,482.739,55.455,86.6213,86.6213,1
5,569,482.739,55.455,85.8889,85.8889,1
5,570,482.739,55.455,154.94,154.94,0.866719
5,571,482.739,55.455,232.905,232.905,0.850862
5,572,482.739,55.455,69.2265,69.2265,1
5,573,482.739,55.455,168.497,69.2265,0.814127
5,574,482.739,55.455,64.6352,64.6352,1
5,575,482.739,55.455,191.859,64.6352,0.768323
5,576,482.739,55.455,112.373,112.373,0.905842
5,577,482.739,55.455,104.835,104.835,1
5,578,482.739,55.455,242.804,104.835,0.751409
5,579,482.739,55.455,208.692,208.692,0.806427
5,580,482.739,55.455,275.992,275.992,0.869868
5,581,482.739,55.455,436.358,436.358,0.717345
5,582,482.739,55.455,220.764,220.764,1
5,583,482.739,55.455,94.6717,94.6717,1
5,584,482.739,55.455,255.124,94.6717,0.717215
5,585,482.739,55.455,61.6971,61.6971,1
5,586,482.739,55.455,191.39,191.39,0.764402
5,587,482.739,55.455,338.454,191.39,0.737385
5,588,482.739,55.455,421.021,421.021,0.62146
5,589,482.739,55.455,384.696,384.696,1
5,590,482.739,55.455,236.855,236.855,1
5,591,482.739,55.455,478.459,236.855,0.606236
5,592,482.739,55.455,360.755,236.855,0.773632
5,593,482.739,55.455,185.716,185.716,1
5,594,482.739,55.455,220.347,220.347,0.930775
5,595,482.739,55.455,216.82,216.82,1
5,596,482.739,55.455,379.15,379.15,0.714432
5,597,482.739,55.455,579.497,579.497,0.660326
5,598,482.739,55.455,328.723,328.723,1
5,599,482.739,55.455,143.242,143.242,1
5,600,482.739,55.455,85.1832,85.1832,1
5,601,458.602,55.455,127.681,127.681,0.911496
5,602,458.602,55.455,82.3883,82.3883,1
5,603,458.602,55.455,142.337,82.3883,0.877463
5,604,458.602,55.455,75.2913,75.2913,1
5,605,458.602,55.455,115.09,115.09,0.916877
5,606,458.602,55.455,125.908,125.908,0.976686
5,607,458.602,55.455,189.282,189.282,0.870934
5,608,458.602,55.455,91.7175,91.7175,1
5,609,458.602,55.455,69.5511,69.5511,1
5,610,458.602,55.455,56.0298,56.0298,1
5,611,458.602,55.455,62.3856,62.3856,0.986237
5,612,458.602,55.455,156.666,62.3856,0.814173
5,613,458.602,55.455,202.128,202.128,0.737335
5,614,458.602,55.455,172.642,172.642,1
5,615,458.602,55.455,245.857,245.857,0.852445
5,616,458.602,55.455,84.4527,84.4527,1
5,617,458.602,55.455,57.0612,57.0612,1
5,618,458.602,55.455,157.229,57.0612,0.803788
5,619,458.602,55.455,90.2225,90.2225,0.930243
5,620,458.602,55.455,202.678,90.2225,0.782537
5,621,458.602,55.455,139.096,139.096,0.898911
5,622,458.602,55.455,201.055,201.055,0.873624
5,623,458.602,55.455,120.712,120.712,1
5,624,458.602,55.455,96.9939,96.9939,1
5,625,458.602,55.455,241.597,241.597,0.729561
5,626,458.602,55.455,500.962,500.962,0.568044
5,627,458.602,55.455,628.455,628.455,0.757293
5,628,458.602,55.455,609.624,609.624,1
5,629,458.602,55.455,572.336,572.336,1
5,630,458.602,55.455,512.844,512.844,1
5,631,458.602,55.455,395.432,395.432,1
5,632,458.602,55.455,343.234,343.234,1
5,633,458.602,55.455,179.915,179.915,1
5,634,458.602,55.455,173.248,173.248,1
5,635,458.602,55.455,218.657,218.657,0.905728
5,636,458.602,55.455,190.33,190.33,1
5,637,458.602,55.455,55.8322,55.8322,1
5,638,458.602,55.455,132.56,55.8322,0.845939
5,639,458.602,55.455,62.3397,62.3397,0.98591
5,640,458.602,55.455,62.2609,62.2609,1
5,641,435.672,55.455,91.2112,91.2112,0.93571
5,642,435.672,55.455,198.695,198.695,0.781368
5,643,435.672,55.455,69.4704,69.4704,1
5,644,435.672,55.455,59.5287,59.5287,1
5,645,435.672,55.455,194.785,194.785,0.733113
5,646,435.672,55.455,174.018,174.018,1
5,647,435.672,55.455,143.737,143.737,1
5,648,435.672,55.455,198.246,198.246,0.882397
5,649,435.672,55.455,166.571,166.571,1
5,650,435.672,55.455,250.792,250.792,0.824225
5,651,435.672,55.455,117.829,117.829,1
5,652,435.672,55.455,249.541,249.541,0.739103
5,653,435.672,55.455,168.946,168.946,1
5,654,435.672,55.455,276.692,168.946,0.780898
5,655,435.672,55.455,88.8929,88.8929,1
5,656,435.672,55.455,111.408,111.408,0.949634
5,657,435.672,55.455,236.478,111.408,0.750457
5,658,435.672,55.455,89.3239,89.3239,1
5,659,435.672,55.455,190.324,190.324,0.793083
5,660,435.672,55.455,78.7082,78.7082,1
5,661,435.672,55.455,182.118,182.118,0.78871
5,662,435.672,55.455,205.44,205.44,0.947877
5,663,435.672,55.455,208.559,208.559,0.992866
5,664,435.672,55.455,133.261,133.261,1
5,665,435.672,55.455,127.058,127.058,1
5,666,435.672,55.455,151.057,151.057,0.946404
5,667,435.672,55.455,285.528,285.528,0.734437
5,668,435.672,55.455,195,195,1
5,669,435.672,55.455,234.21,195,0.913931
5,670,435.672,55.455,193.234,193.234,1
5,671,435.672,55.455,346.297,193.234,0.703754
5,672,435.672,55.455,181.384,181.384,1
5,673,435.672,55.455,309.494,181.384,0.745237
5,674,435.672,55.455,338.009,181.384,0.698024
5,675,435.672,55.455,248.678,248.678,0.856877
5,676,435.672,55.455,97.4794,97.4794,1
5,677,435.672,55.455,103.817,103.817,0.985558
5,678,435.672,55.455,87.2849,87.2849,1
5,679,435.672,55.455,125.795,125.795,0.915401
5,680,435.672,55.455,214.489,214.489,0.815806
5,681,413.888,55.455,138.328,138.328,1
5,682,413.888,55.455,243.879,243.879,0.774899
5,683,413.888,55.455,265.122,265.122,0.949968
5,684,413.888,55.455,227.965,227.965,1
5,685,413.888,55.455,353.624,227.965,0.738152
5,686,413.888,55.455,304.009,304.009,0.83216
5,687,413.888,55.455,238.85,238.85,1
5,688,413.888,55.455,218.369,218.369,1
5,689,413.888,55.455,232.463,232.463,0.966522
5,690,413.888,55.455,89.1851,89.1851,1
5,691,413.888,55.455,210.255,210.255,0.746382
5,692,413.888,55.455,264.264,264.264,0.877663
5,693,413.888,55.455,132.303,132.303,1
5,694,413.888,55.455,67.5687,67.5687,1
5,695,413.888,55.455,198.922,198.922,0.728066
5,696,413.888,55.455,148.159,148.159,1
5,697,413.888,55.455,132.398,132.398,1
5,698,413.888,55.455,224.488,224.488,0.800514
5,699,413.888,55.455,179.088,179.088,1
5,700,413.888,55.455,293.962,179.088,0.757638
5,701,413.888,55.455,132.807,132.807,1
5,702,413.888,55.455,95.7401,95.7401,1
5,703,413.888,55.455,55.5008,55.5008,1
5,704,413.888,55.455,59.6014,59.6014,0.990141
5,705,413.888,55.455,72.0044,72.0044,0.970478
5,706,413.888,55.455,151.501,151.501,0.825247
5,707,413.888,55.455,275.832,151.501,0.740525
5,708,413.888,55.455,176.953,176.953,0.940357
5,709,413.888,55.455,98.8566,98.8566,1
5,710,413.888,55.455,215.359,215.359,0.754663
5,711,413.888,55.455,94.4949,94.4949,1
5,712,413.888,55.455,57.3371,57.3371,1
5,713,413.888,55.455,129.199,129.199,0.840611
5,714,413.888,55.455,204.68,129.199,0.833292
5,715,413.888,55.455,223.44,223.44,0.796365
5,716,413.888,55.455,223.186,223.186,1
5,717,413.888,55.455,389.494,389.494,0.669101
5,718,413.888,55.455,568.83,568.83,0.648369
5,719,413.888,55.455,314.659,314.659,1
5,720,413.888,55.455,181.488,181.488,1
5,721,393.194,55.455,212.763,212.763,0.923539
5,722,393.194,55.455,292.064,292.064,0.817354
5,723,393.194,55.455,259.235,259.235,1
5,724,393.194,55.455,170.34,170.34,1
5,725,393.194,55.455,110.211,110.211,1
5,726,393.194,55.455,171.062,171.062,0.856622
5,727,393.194,55.455,107.805,107.805,1
5,728,393.194,55.455,139.434,139.434,0.922709
5,729,393.194,55.455,212.726,212.726,0.829941
5,730,393.194,55.455,273.462,212.726,0.85687
5,731,393.194,55.455,172.18,172.18,1
5,732,393.194,55.455,148.437,148.437,1
5,733,393.194,55.455,145.704,145.704,1
5,734,393.194,55.455,246.496,246.496,0.773877
5,735,393.194,55.455,465.603,465.603,0.572782
5,736,393.194,55.455,632.526,632.526,0.654077
5,737,393.194,55.455,636.413,636.413,0.990162
5,738,393.194,55.455,455.889,455.889,1
5,739,393.194,55.455,546.617,546.617,0.79394
5,740,393.194,55.455,636.741,636.741,0.795162
5,741,393.194,55.455,637.601,637.601,0.997815
5,742,393.194,55.455,544.096,544.096,1
5,743,393.194,55.455,339.562,339.562,1
5,744,393.194,55.455,250.708,250.708,1
5,745,393.194,55.455,220.482,220.482,1
5,746,393.194,55.455,398.905,220.482,0.635222
5,747,393.194,55.455,149.053,149.053,1
5,748,393.194,55.455,93.9444,93.9444,1
5,749,393.194,55.455,185.759,185.759,0.791751
5,750,393.194,55.455,59.8351,59.8351,1
5,751,393.194,55.455,119.152,59.8351,0.859969
5,752,393.194,55.455,75.5004,75.5004,0.960942
5,753,393.194,55.455,100.774,100.774,0.937745
5,754,393.194,55.455,180.556,180.556,0.816354
5,755,393.194,55.455,181.279,181.279,0.998162
5,756,393.194,55.455,127.726,127.726,1
5,757,393.194,55.455,241.885,241.885,0.748011
5,758,393.194,55.455,360.3,360.3,0.739958
5,759,393.194,55.455,274.903,274.903,1
5,760,393.194,55.455,534.483,274.903,0.516757
5,761,373.534,55.455,173.764,173.764,1
5,762,373.534,55.455,323.176,323.176,0.670324
5,763,373.534,55.455,305.958,305.958,1
5,764,373.534,55.455,323.667,323.667,0.953696
5,765,373.534,55.455,222.085,222.085,1
5,766,373.534,55.455,336.088,336.088,0.736974
5,767,373.534,55.455,327.982,327.982,1
5,768,373.534,55.455,208.861,208.861,1
5,769,373.534,55.455,115.187,115.187,1
5,770,373.534,55.455,125.956,125.956,0.971582
5,771,373.534,55.455,126.408,126.408,0.998792
5,772,373.534,55.455,107.381,107.381,1
5,773,373.534,55.455,96.2742,96.2742,1
5,774,373.534,55.455,227.477,96.2742,0.703809
5,775,373.534,55.455,222.475,222.475,0.713298
5,776,373.534,55.455,102.271,102.271,1
5,777,373.534,55.455,140.96,140.96,0.90161
5,778,373.534,55.455,264.088,264.088,0.719189
5,779,373.534,55.455,272.356,272.356,0.978109
5,780,373.534,55.455,196.405,196.405,1
5,781,373.534,55.455,336.726,336.726,0.686838
5,782,373.534,55.455,513.322,513.322,0.623271
5,783,373.534,55.455,535.977,535.977,0.941154
5,784,373.534,55.455,388.303,388.303,1
5,785,373.534,55.455,277.394,277.394,1
5,786,373.534,55.455,516.922,516.922,0.526635
5,787,373.534,55.455,274.995,274.995,1
5,788,373.534,55.455,340.103,340.103,0.840043
5,789,373.534,55.455,413.547,413.547,0.821502
5,790,373.534,55.455,306.288,306.288,1
5,791,373.534,55.455,408.862,408.862,0.759873
5,792,373.534,55.455,426.179,426.179,0.954697
5,793,373.534,55.455,507.946,426.179,0.803402
5,794,373.534,55.455,278.956,278.956,1
5,795,373.534,55.455,233.373,233.373,1
5,796,373.534,55.455,203.448,203.448,1
5,797,373.534,55.455,243.979,243.979,0.897171
5,798,373.534,55.455,237.487,237.487,1
5,799,373.534,55.455,319.007,237.487,0.803932
5,800,373.534,55.455,425.572,425.572,0.604394
5,801,354.857,55.455,530.236,530.236,0.744572
5,802,354.857,55.455,558.515,558.515,0.923402
5,803,354.857,55.455,349.512,349.512,1
5,804,354.857,55.455,430.382,430.382,0.796208
5,805,354.857,55.455,499.827,499.827,0.822261
5,806,354.857,55.455,607.141,607.141,0.739032
5,807,354.857,55.455,460.881,460.881,1
5,808,354.857,55.455,568.555,568.555,0.738282
5,809,354.857,55.455,405.454,405.454,1
5,810,354.857,55.455,399.887,399.887,1
5,811,354.857,55.455,425.513,425.513,0.930333
5,812,354.857,55.455,249.087,249.087,1
5,813,354.857,55.455,435.327,249.087,0.591657
5,814,354.857,55.455,150.585,150.585,1
5,815,354.857,55.455,210.699,210.699,0.844167
5,816,354.857,55.455,227.447,227.447,0.953901
5,817,354.857,55.455,273.541,273.541,0.878189
5,818,354.857,55.455,212.885,212.885,1
5,819,354.857,55.455,205.491,205.491,1
5,820,354.857,55.455,103.073,103.073,1
5,821,354.857,55.455,78.9446,78.9446,1
5,822,354.857,55.455,175.633,175.633,0.761495
5,823,354.857,55.455,251.78,251.78,0.806877
5,824,354.857,55.455,136.287,136.287,1
5,825,354.857,55.455,130.038,130.038,1
5,826,354.857,55.455,67.8471,67.8471,1
5,827,354.857,55.455,137.174,137.174,0.822534
5,828,354.857,55.455,225.964,225.964,0.778634
5,829,354.857,55.455,173.801,173.801,1
5,830,354.857,55.455,198.102,198.102,0.933812
5,831,354.857,55.455,341.63,341.63,0.667332
5,832,354.857,55.455,404.593,404.593,0.837417
5,833,354.857,55.455,501.951,501.951,0.76006
5,834,354.857,55.455,557.539,557.539,0.855005
5,835,354.857,55.455,620.357,557.539,0.837761
5,836,354.857,55.455,487.118,487.118,1
5,837,354.857,55.455,472.95,472.95,1
5,838,354.857,55.455,256.977,256.977,1
5,839,354.857,55.455,203.464,203.464,1
5,840,354.857,55.455,329.055,329.055,0.701932
5,841,337.115,55.455,226.012,226.012,1
5,842,337.115,55.455,247.848,247.848,0.937281
5,843,337.115,55.455,211.975,211.975,1
5,844,337.115,55.455,340.829,340.829,0.682341
5,845,337.115,55.455,539.077,539.077,0.555397
5,846,337.115,55.455,440.77,440.77,1
5,847,337.115,55.455,483.105,483.105,0.881983
5,848,337.115,55.455,375.493,375.493,1
5,849,337.115,55.455,296.688,296.688,1
5,850,337.115,55.455,225.195,225.195,1
5,851,337.115,55.455,404.654,225.195,0.587229
5,852,337.115,55.455,313.668,313.668,0.76917
5,853,337.115,55.455,182.092,182.092,1
5,854,337.115,55.455,129.383,129.383,1
5,855,337.115,55.455,234.176,234.176,0.732823
5,856,337.115,55.455,400.022,400.022,0.611428
5,857,337.115,55.455,231.597,231.597,1
5,858,337.115,55.455,289.1,289.1,0.84318
5,859,337.115,55.455,182.224,182.224,1
5,860,337.115,55.455,94.0017,94.0017,1
5,861,337.115,55.455,66.5328,66.5328,1
5,862,337.115,55.455,155.066,155.066,0.769033
5,863,337.115,55.455,199.616,199.616,0.87621
5,864,337.115,55.455,128.452,128.452,1
5,865,337.115,55.455,66.2721,66.2721,1
5,866,337.115,55.455,56.3443,56.3443,1
5,867,337.115,55.455,70.3226,70.3226,0.959383
5,868,337.115,55.455,104.644,104.644,0.903202
5,869,337.115,55.455,70.3936,70.3936,1
5,870,337.115,55.455,147.15,147.15,0.796375
5,871,337.115,55.455,162.192,162.192,0.956359
5,872,337.115,55.455,76.6723,76.6723,1
5,873,337.115,55.455,191.913,191.913,0.710458
5,874,337.115,55.455,305.442,305.442,0.714076
5,875,337.115,55.455,315.11,315.11,0.97173
5,876,337.115,55.455,397.884,397.884,0.782285
5,877,337.115,55.455,277.23,277.23,1
5,878,337.115,55.455,158.82,158.82,1
5,879,337.115,55.455,244.782,158.82,0.774922
5,880,337.115,55.455,107.566,107.566,1
5,881,320.259,55.455,129.151,129.151,0.934822
5,882,320.259,55.455,85.0985,85.0985,1
5,883,320.259,55.455,162.323,85.0985,0.785738
5,884,320.259,55.455,97.649,97.649,0.961569
5,885,320.259,55.455,187.381,187.381,0.755643
5,886,320.259,55.455,199.366,199.366,0.96327
5,887,320.259,55.455,302.735,302.735,0.724142
5,888,320.259,55.455,290.551,290.551,1
5,889,320.259,55.455,399.468,399.468,0.711707
5,890,320.259,55.455,465.558,399.468,0.813536
5,891,320.259,55.455,411.11,411.11,0.964299
5,892,320.259,55.455,485.929,485.929,0.791662
5,893,320.259,55.455,455.17,455.17,1
5,894,320.259,55.455,422.247,422.247,1
5,895,320.259,55.455,365.421,365.421,1
5,896,320.259,55.455,324.524,324.524,1
5,897,320.259,55.455,399.209,399.209,0.791994
5,898,320.259,55.455,458.963,458.963,0.829793
5,899,320.259,55.455,448.919,448.919,1
5,900,320.259,55.455,441.254,441.254,1
5,901,320.259,55.455,392.302,392.302,1
5,902,320.259,55.455,274.856,274.856,1
5,903,320.259,55.455,171.898,171.898,1
5,904,320.259,55.455,281.266,281.266,0.710705
5,905,320.259,55.455,253.838,253.838,1
5,906,320.259,55.455,190.535,190.535,1
5,907,320.259,55.455,275.618,275.618,0.766691
5,908,320.259,55.455,353.827,275.618,0.783328
5,909,320.259,55.455,214.734,214.734,1
5,910,320.259,55.455,286.545,214.734,0.799134
5,911,320.259,55.455,184.695,184.695,1
5,912,320.259,55.455,76.1305,76.1305,1
5,913,320.259,55.455,115.243,76.1305,0.885037
5,914,320.259,55.455,165.409,76.1305,0.756713
5,915,320.259,55.455,104.762,104.762,0.91448
5,916,320.259,55.455,183.719,183.719,0.781499
5,917,320.259,55.455,283.848,183.719,0.731505
5,918,320.259,55.455,81.2444,81.2444,1
5,919,320.259,55.455,61.6377,61.6377,1
5,920,320.259,55.455,165.095,165.095,0.723943
5,921,304.246,55.455,158.541,158.541,1
5,922,304.246,55.455,60.7939,60.7939,1
5,923,304.246,55.455,110.034,110.034,0.850575
5,924,304.246,55.455,130.617,130.617,0.934583
5,925,304.246,55.455,227.035,227.035,0.728398
5,926,304.246,55.455,147.548,147.548,1
5,927,304.246,55.455,171.879,171.879,0.923143
5,928,304.246,55.455,131.318,131.318,1
5,929,304.246,55.455,87.1697,87.1697,1
5,930,304.246,55.455,187.894,87.1697,0.71816
5,931,304.246,55.455,58.9706,58.9706,1
5,932,304.246,55.455,86.1542,86.1542,0.914528
5,933,304.246,55.455,75.0839,75.0839,1
5,934,304.246,55.455,151.402,151.402,0.778143
5,935,304.246,55.455,108.758,108.758,1
5,936,304.246,55.455,184.877,184.877,0.778655
5,937,304.246,55.455,198.644,198.644,0.955758
5,938,304.246,55.455,152.611,152.611,1
5,939,304.246,55.455,259.23,259.23,0.704379
5,940,304.246,55.455,295.258,295.258,0.888327
5,941,304.246,55.455,398.798,398.798,0.711544
5,942,304.246,55.455,461.54,461.54,0.813653
5,943,304.246,55.455,467.858,467.858,0.979447
5,944,304.246,55.455,355.794,355.794,1
5,945,304.246,55.455,305.781,305.781,1
5,946,304.246,55.455,390.481,305.781,0.757
5,947,304.246,55.455,330.267,330.267,0.922674
5,948,304.246,55.455,401.27,401.27,0.791858
5,949,304.246,55.455,476.733,476.733,0.780332
5,950,304.246,55.455,466.626,466.626,1
5,951,304.246,55.455,352.673,352.673,1
5,952,304.246,55.455,376.65,376.65,0.924217
5,953,304.246,55.455,394.591,394.591,0.942736
5,954,304.246,55.455,450.349,450.349,0.832545
5,955,304.246,55.455,348.453,348.453,1
5,956,304.246,55.455,350.607,350.607,0.992945
5,957,304.246,55.455,281.016,281.016,1
5,958,304.246,55.455,337.444,337.444,0.830715
5,959,304.246,55.455,402.868,402.868,0.806512
5,960,304.246,55.455,336.441,336.441,1
5,961,289.034,55.455,293.86,293.86,1
5,962,289.034,55.455,215.78,215.78,1
5,963,289.034,55.455,238.409,238.409,0.924694
5,964,289.034,55.455,336.573,336.573,0.712036
5,965,289.034,55.455,261.417,261.417,1
5,966,289.034,55.455,283.983,283.983,0.924895
5,967,289.034,55.455,338.553,338.553,0.82795
5,968,289.034,55.455,437.127,338.553,0.711027
5,969,289.034,55.455,276.821,276.821,1
5,970,289.034,55.455,379.628,379.628,0.700688
5,971,289.034,55.455,379.67,379.67,0.999855
5,972,289.034,55.455,384.102,384.102,0.984782
5,973,289.034,55.455,356.026,356.026,1
5,974,289.034,55.455,316.206,316.206,1
5,975,289.034,55.455,349.726,349.726,0.890501
5,976,289.034,55.455,341.91,341.91,1
5,977,289.034,55.455,252.819,252.819,1
5,978,289.034,55.455,348.467,348.467,0.718261
5,979,289.034,55.455,261.825,261.825,1
5,980,289.034,55.455,341.288,341.288,0.759626
5,981,289.034,55.455,448.946,448.946,0.689028
5,982,289.034,55.455,418.893,418.893,1
5,983,289.034,55.455,436.038,436.038,0.942408
5,984,289.034,55.455,366.076,366.076,1
5,985,289.034,55.455,321.391,321.391,1
5,986,289.034,55.455,226.699,226.699,1
5,987,289.034,55.455,245.016,245.016,0.938592
5,988,289.034,55.455,165.226,165.226,1
5,989,289.034,55.455,231.809,231.809,0.794244
5,990,289.034,55.455,313.497,313.497,0.753802
5,991,289.034,55.455,334.413,334.413,0.930191
5,992,289.034,55.455,284.947,284.947,1
5,993,289.034,55.455,381.346,381.346,0.716397
5,994,289.034,55.455,309.943,309.943,1
5,995,289.034,55.455,270.362,270.362,1
5,996,289.034,55.455,295.561,295.561,0.916508
5,997,289.034,55.455,327.852,327.852,0.894295
5,998,289.034,55.455,394.512,327.852,0.794032
5,999,289.034,55.455,340.957,340.957,0.955672
5,1000,289.034,55.455,410.854,410.854,0.785189
5,1001,274.582,55.455,385.65,385.65,1
5,1002,274.582,55.455,472.256,472.256,0.729488
5,1003,274.582,55.455,437.325,437.325,1
5,1004,274.582,55.455,494.005,437.325,0.813488
5,1005,274.582,55.455,400.658,400.658,1
5,1006,274.582,55.455,330.869,330.869,1
5,1007,274.582,55.455,324.501,324.501,1
5,1008,274.582,55.455,366.743,366.743,0.857407
5,1009,274.582,55.455,460.464,460.464,0.710829
5,1010,274.582,55.455,391.676,391.676,1
5,1011,274.582,55.455,381.533,381.533,1
5,1012,274.582,55.455,318.572,318.572,1
5,1013,274.582,55.455,227.918,227.918,1
5,1014,274.582,55.455,260.128,260.128,0.889313
5,1015,274.582,55.455,281.122,281.122,0.926391
5,1016,274.582,55.455,326.446,326.446,0.847836
5,1017,274.582,55.455,308.032,308.032,1
5,1018,274.582,55.455,293.249,293.249,1
5,1019,274.582,55.455,213.785,213.785,1
5,1020,274.582,55.455,180.768,180.768,1
5,1021,274.582,55.455,205.558,205.558,0.913672
5,1022,274.582,55.455,299.975,205.558,0.709031
5,1023,274.582,55.455,191.286,191.286,1
5,1024,274.582,55.455,187.212,187.212,1
5,1025,274.582,55.455,115.884,115.884,1
5,1026,274.582,55.455,68.8909,68.8909,1
5,1027,274.582,55.455,87.1716,87.1716,0.935591
5,1028,274.582,55.455,72.2828,72.2828,1
5,1029,274.582,55.455,57.7165,57.7165,1
5,1030,274.582,55.455,94.8317,94.8317,0.873567
5,1031,274.582,55.455,139.339,139.339,0.850365
5,1032,274.582,55.455,144.656,144.656,0.98082
5,1033,274.582,55.455,85.3482,85.3482,1
5,1034,274.582,55.455,103.869,103.869,0.934774
5,1035,274.582,55.455,70.4975,70.4975,1
5,1036,274.582,55.455,116.672,116.672,0.845215
5,1037,274.582,55.455,74.771,74.771,1
5,1038,274.582,55.455,152.434,152.434,0.753641
5,1039,274.582,55.455,174.713,174.713,0.922064
